{
    "32": [
        45.70486546039677,
        60.80546553646666,
        66.1329104199746
    ],
    "64": [
        49.54282787709886,
        59.29366415275243,
        65.40216124279544
    ],
    "128": [
        45.212133857435546,
        62.646440420896674,
        69.36658327759301
    ],
    "255": [
        57.8873037791152,
        65.31179282731546,
        64.3828716915258
    ]
}